name,reg
,
Rafael Otieno,X74/1480/2018
Diana Mohamed,X74/1746/2018
Deangelo Mwangi,X74/2204/2018
Gary Odhiambo,X74/7002/2018
Jamya Maina,X75/9262/2018
Amirah Ochieng,X74/5058/2018
Dashawn Ali,X74/4889/2018
Mayra Kamau,X74/5701/2018
Winston Omondi,X75/7666/2018
Gemma Onyango,X75/3183/2018
Byron Juma,X75/6760/2018
Uriah Hassan,X75/2962/2018
Sophia Abdi,X74/2822/2018
Jeffrey Wambui,X74/2402/2018
Rodolfo Atieno,X74/4254/2018
Neveah Wanjiku,X74/8150/2018
Joshua Njoroge,X75/6961/2018
Lamar Njeri,X74/5354/2018
Kylee Kariuki,X74/5931/2018
Johanna Akinyi,X74/3862/2018
Anne Wafula,X74/1544/2018
Julianna Achieng,X75/5522/2018
Alison Muthoni,X75/6136/2018
Sydnee Ouma,X74/7457/2018
Davin Ahmed,X74/6036/2018
Aniyah Kimani,X75/3376/2018
Aryan Hussein,X74/6415/2018
Camren Adan,X75/5159/2018
Kaya Mutua,X75/6433/2018
Evelyn Abdullahi,X75/4034/2018
Ali Adhiambo,X74/2280/2018
Laney Cheruiyot,X74/3020/2018
Mark Njuguna,X75/9656/2018
Juliet Kibet,X74/4936/2018
Keith Simiyu,X75/2633/2018
William Macharia,X75/3113/2018
Terrell Wanjala,X75/7893/2018
Sergio Barasa,X74/1831/2018
Kaleigh Wambua,X74/1512/2018
Hugh Wairimu,X74/4279/2018
Adrienne Chebet,X74/2518/2018
Chandler Koech,X75/6215/2018
Malik Ibrahim,X74/2105/2018
Donovan Omar,X75/5158/2018
Carson Nyambura,X75/6971/2018
Marina Rotich,X74/7237/2018
Jovani Karanja,X74/4037/2018
Gracelyn Anyango,X75/4285/2018
Mckayla Wangui,X75/1897/2018
Madelyn Wekesa,X74/7747/2018
Trace Okoth,X74/3430/2018
Tess Langat,X75/4804/2018
Raiden Chepkemoi,X74/5075/2018
Jazlyn Mutuku,X75/2353/2018
Kaitlyn Owino,X74/4330/2018
Dallas Wangari,X74/5143/2018
Cecilia Njoki,X75/5185/2018
Bailey Awuor,X75/6208/2018
Gavyn Musyoka,X75/2964/2018
Aditya Nyongesa,X75/1578/2018
Liliana Cherotich,X75/7082/2018
Izayah Wanyonyi,X74/2839/2018
Alex Chepkoech,X75/4656/2018
Jaylene Korir,X74/9370/2018
Scarlet Chelangat,X75/1634/2018
Walter Kiptoo,X74/7387/2018
Priscilla Mwendwa,X75/6175/2018
Hope Mbugua,X74/7905/2018
Matthew Chege,X74/9413/2018
Jairo Waweru,X74/5592/2018
Siena Kinyua,X75/2254/2018
Kaliyah Ngugi,X75/4842/2018
Ignacio Kiprotich,X75/6954/2018
Hassan Kipkoech,X74/4313/2018
Deegan Oduor,X74/3390/2018
Brenna Mburu,X75/4284/2018
Will Akoth,X75/6627/2018
Arielle Kirui,X75/3500/2018
Jaden Mwende,X75/6553/2018
Ashleigh Kioko,X75/2590/2018
Vincent Gitonga,X75/2696/2018
Javion Rono,X74/3167/2018
Bryant Auma,X74/8029/2018
Alexander Mwaura,X75/2966/2018
Antony Muriithi,X74/9607/2018
Riya Gitau,X75/1919/2018
Lydia Munene,X74/8786/2018
Hailey Wachira,X74/8638/2018
Magdalena Irungu,X75/2654/2018
Elian Njeru,X75/1768/2018
Janiah Kemboi,X75/1857/2018
Jonah Mutai,X74/7143/2018
Theodore Cherono,X75/7645/2018
Jaylin Kimutai,X75/9703/2018
Devyn Ndungu,X74/8872/2018
Xander Nyaga,X75/9569/2018
Turner Mutinda,X74/4882/2018
Connor Ndung'u,X75/6796/2018
Reese Chepkorir,X74/7428/2018
Javon NA,X74/2860/2018
Amelie Ng'ang'a,X74/6660/2018
Aliza Chepkirui,X74/2973/2018
Miranda Kiprono,X74/7181/2018
Zaid Mungai,X75/5251/2018
Reuben Bett,X74/4068/2018
Kelsie Muriuki,X74/4242/2018
Andre Mwenda,X74/9172/2018
Teagan Yussuf,X75/6948/2018
Ramon Njenga,X74/9387/2018
Elaina Said,X75/2327/2018
Rachel Osman,X74/3939/2018
Jayden Kiprop,X75/3689/2018
Justus Mohamud,X74/5943/2018
Sierra Kiplagat,X75/9290/2018
Darren Kipkorir,X75/7418/2018
Jessie Awino,X75/3011/2018
Grace John,X74/4922/2018
Elena Mwaniki,X75/2219/2018
Kaylen Charo,X75/2705/2018
Adelyn Murithi,X74/3989/2018
Kian Mugo,X75/1868/2018
Arabella Kosgei,X74/3372/2018
Shirley Makokha,X74/3791/2018
Alfredo Kyalo,X74/8754/2018
Ireland Karisa,X74/3377/2018
Saniyah Ngetich,X75/7991/2018
Jakobe Okumu,X75/3156/2018
Luke Kinyanjui,X75/6677/2018
Travis Chepngetich,X75/6836/2018
Chaim Peter,X74/4628/2018
Dayton Maalim,X74/9645/2018
Jagger Issack,X75/2561/2018
Finley Muli,X74/3865/2018
Denisse Kazungu,X74/9349/2018
Sheldon Katana,X74/7850/2018
Rogelio Kimathi,X75/5456/2018
Konnor Kiplangat,X75/2958/2018
Brendan Wamalwa,X74/9272/2018
Jadon Momanyi,X74/8874/2018
Tucker Musyoki,X75/9554/2018
Yaritza Kuria,X74/1692/2018
Akira Mutisya,X74/5969/2018
Lauryn Cheptoo,X74/1708/2018
Alexus Kipngetich,X74/4222/2018
Abigayle Wainaina,X74/9220/2018
Damaris Chemutai,X75/6903/2018
Claudia Muchiri,X75/6356/2018
Andy Nyakundi,X74/7837/2018
Jaden Wanyama,X75/3042/2018
Bryan Sheikh,X74/9205/2018
Damon Mohammed,X75/7510/2018
Jaylee Mugambi,X75/4689/2018
Nigel Kipchumba,X75/9139/2018
Liana Nekesa,X75/3552/2018
Mina Wanja,X74/7892/2018
Lacey Moraa,X75/9408/2018
Esperanza Odongo,X75/7840/2018
Kyleigh Opiyo,X75/4036/2018
Alexzander Noor,X74/2286/2018
Axel Kahindi,X74/1823/2018
Markus Muiruri,X74/7508/2018
Maddison Chepngeno,X75/9353/2018
Pedro Mutunga,X74/4813/2018
Briana Mueni,X75/4121/2018
Donald Njagi,X74/4305/2018
Cade Ndegwa,X74/6407/2018
Odin Karimi,X75/9324/2018
Jayvon Nganga,X74/5930/2018
Dominic Nyabuto,X75/8605/2018
Semaj Wanjohi,X74/9204/2018
Donna Kipruto,X75/7830/2018
Philip David,X74/4590/2018
Zachary Aden,X75/9203/2018
Julius Musa,X75/5282/2018
Lee Chepkwony,X74/8302/2018
Mathias Sang,X75/4694/2018
Maia Okello,X74/2356/2018
Julian Oluoch,X75/5373/2018
Cristofer Ndirangu,X74/4902/2018
Anaya Munyao,X75/2978/2018
Alayna Murimi,X75/8030/2018
Allie Mumo,X74/4578/2018
Marisol Kipchirchir,X75/6626/2018
Zackary Mwikali,X75/8935/2018
Reece Njogu,X75/9173/2018
Rowan Makena,X74/7766/2018
Thaddeus Owuor,X75/5545/2018
Kadyn Ngeno,X74/8356/2018
Jaycee Mukami,X75/8684/2018
Atticus Kerubo,X75/5402/2018
Ellie Githinji,X75/7824/2018
Marilyn Joseph,X74/9620/2018
Athena Kipkirui,X75/6739/2018
Allen Makau,X75/4925/2018
Damian Kendi,X75/4013/2018
Daisy Mwanzia,X75/4238/2018
Valentin Ondieki,X74/7450/2018
Junior Mutheu,X75/9433/2018
Chase Mulwa,X75/5868/2018
Nicolas Muema,X74/5904/2018
Eddie NA,X75/7059/2018
Tristin Kilonzo,X74/3615/2018
Serena Cherop,X75/8094/2018
Maurice Muturi,X75/6950/2018
Payton Kiarie,X74/5917/2018
Elisha Musembi,X74/4308/2018
Olive Waithira,X74/7959/2018
Gretchen Mutiso,X74/1615/2018
Harold Kipkemoi,X75/1513/2018
Renee Karani,X74/6283/2018
Rhianna Mwita,X74/5330/2018
Jaida Waithera,X74/6847/2018
Isabela Kirimi,X75/1826/2018
Elias Gatwiri,X75/9248/2018
Landyn Wambugu,X75/3902/2018
Adrien Mumbi,X75/8823/2018
Emilia Ruto,X75/1599/2018
Hazel Makori,X74/9647/2018
Tate Nanjala,X75/3897/2018
Jayla Maingi,X75/3937/2018
Shayla Chacha,X75/6110/2018
Mathew Mwangangi,X74/6372/2018
Roger Muhumed,X74/3639/2018
Daniel Nduta,X74/6976/2018
Jamir Abdalla,X75/7401/2018
Emery Njiru,X74/7955/2018
Kathleen Wanjiru,X74/5110/2018
Marshall Tanui,X74/5183/2018
Fisher Nasimiyu,X75/9127/2018
Paxton Lagat,X75/7079/2018
Joel Mwiti,X74/7421/2018
Kadence Kinuthia,X74/7640/2018
Judith Kawira,X74/8448/2018
Carolina Ogutu,X74/9482/2018
Amari Farah,X75/4629/2018
Gordon Rutto,X74/2562/2018
Aliya Guyo,X75/8837/2018
Ramiro Oloo,X74/3346/2018
Rylie Musau,X74/9517/2018
Wesley Chirchir,X74/2196/2018
Alisson Yegon,X75/5409/2018
Pierce Nduku,X75/4806/2018
Selena Salim,X74/9519/2018
Madilyn Kwamboka,X74/6989/2018
Abraham Kinya,X74/2095/2018
Kiara Were,X74/2182/2018
Ellen Too,X75/5027/2018
Jenny Mutuma,X74/3258/2018
Valerie Odero,X75/4399/2018
Piper James,X74/5816/2018
Camden Abdirahman,X74/7113/2018
Elise Bakari,X74/8611/2018
Toby Mutwiri,X75/3214/2018
Yosef Gakii,X75/7629/2018
Jada Omollo,X75/5270/2018
Billy Mbithi,X74/3506/2018
Dax Wesonga,X75/2015/2018
Romeo Mboya,X75/2789/2018
Gabriella Kipsang,X75/3231/2018
Nathalia Muia,X75/6163/2018
Dania Masinde,X75/2237/2018
Lindsey Gathoni,X74/4891/2018
Isai Muthui,X74/6026/2018
Makenzie Kiplimo,X74/2087/2018
Bryanna Kipngeno,X74/4525/2018
Cale Kipkemboi,X74/8676/2018
Bria Paul,X75/7376/2018
Miguel Thuo,X75/7686/2018
Arely Nkatha,X75/3427/2018
Braxton Wasike,X74/2077/2018
Nina Ngigi,X75/8384/2018
James Kipyegon,X74/8154/2018
Sophie Mokaya,X75/3850/2018
Timothy Mutembei,X75/6911/2018
Elianna Wandera,X75/9183/2018
Haven Nderitu,X75/4777/2018
David Mwai,X74/6663/2018
Rebecca Nyawira,X75/5074/2018
Yasmin Kimeu,X74/9635/2018
Tyrell Jepchirchir,X74/7177/2018
Isla Okeyo,X74/4114/2018
Jaslene Naliaka,X74/6920/2018
Taniyah Chepkurui,X74/1609/2018
Harper Maiyo,X74/6307/2018
Yadira Jeptoo,X74/7734/2018
Malia Samuel,X74/5031/2018
Alina Bundi,X74/4078/2018
Princess Ngari,X74/3468/2018
Bethany Mbogo,X74/6244/2018
Georgia Kipkosgei,X74/6412/2018
Lillian Kipkurui,X75/7960/2018
Tristian Chelimo,X75/5720/2018
Arnav Baya,X75/6589/2018
Katelynn Ngala,X74/8857/2018
Janelle Waithaka,X75/1960/2018
Danika Omari,X74/7602/2018
Elliot Aoko,X75/4762/2018
Giancarlo Kimanzi,X75/7680/2018
Emilee Ooko,X74/7013/2018
Mercedes Njue,X75/3942/2018
Vance Mutugi,X75/8982/2018
Angela Ndunge,X75/1721/2018
Quinn Kenga,X75/1792/2018
Charles Jepkoech,X74/7296/2018
Rolando Bosire,X74/6447/2018
Kirsten Wangechi,X74/5174/2018
Jesse Ntinyari,X75/8444/2018
Laci Kathambi,X75/5289/2018
Yael Morara,X75/5253/2018
Kenny Nzioka,X74/3719/2018
Bailey Sifuna,X75/3940/2018
Dominique Kanini,X75/3211/2018
Jessie Mukhwana,X74/3608/2018
Henry Njau,X75/6314/2018
Araceli Mwirigi,X74/3445/2018
Gregory Munga,X74/3836/2018
Paisley Tsuma,X75/3446/2018
Payton Kirwa,X74/2833/2018
Melody Kigen,X74/3024/2018
Waylon Mathenge,X75/6737/2018
Francisco Daniel,X75/3900/2018
Denzel Odiwuor,X75/6188/2018
Amaris Kassim,X75/3219/2018
Alicia Mutie,X75/2172/2018
Carlo Oketch,X74/7301/2018
Imani Mose,X74/8657/2018
Tyree Kithinji,X74/6912/2018
Bradley Kathure,X74/5519/2018
Madeline Gichuki,X74/8506/2018
Raymond Oyugi,X74/6237/2018
Jazlynn Chepchirchir,X75/7581/2018
Royce Tonui,X74/9033/2018
Sienna Mutethia,X74/3479/2018
Clarissa Muthomi,X75/8675/2018
Shannon Jemutai,X75/1567/2018
Amy Safari,X75/2750/2018
Jason Cheruto,X74/4660/2018
Giuliana Ekai,X74/6280/2018
Jack Wangeci,X74/4183/2018
Cameron Biwott,X75/8270/2018
Dario Tarus,X74/6999/2018
Shea Koskei,X74/5821/2018
Salvador Keter,X75/5490/2018
Dennis Nyaboke,X75/1654/2018
Harper Muthee,X75/3352/2018
Lane Kamande,X74/6430/2018
Taniya Masika,X75/3442/2018
Asher Khaemba,X74/5130/2018
Kobe Njambi,X74/5864/2018
Adalynn Wangila,X75/1672/2018
Kristin Jerop,X75/6606/2018
Kameron Mogaka,X75/1988/2018
Iliana Issak,X75/6964/2018
Blake Odera,X74/3633/2018
Lily Kitsao,X75/2006/2018
Gisselle Dahir,X74/5044/2018
Memphis Jebet,X74/3194/2018
Jeffery Muthoka,X75/6767/2018
Ben Haji,X74/8206/2018
Cayden Muigai,X75/8609/2018
Heidi Kanana,X74/6665/2018
Stephanie Ojwang,X75/4070/2018
Ashton Waswa,X75/6908/2018
Marcel Nzomo,X75/4179/2018
Lizbeth Munyoki,X74/7247/2018
Micah Osoro,X74/6925/2018
Isabel Kemei,X75/2792/2018
Jacoby Kombo,X75/6146/2018
Leila Hamisi,X75/4914/2018
Leanna Wanyoike,X74/9695/2018
Dexter Chesang,X75/9189/2018
Shelby Mugendi,X75/8541/2018
Clara Owiti,X75/8319/2018
Matthias Jeruto,X75/6864/2018
Braylen Jepchumba,X74/4741/2018
Chanel Ronoh,X75/1698/2018
Roderick Yego,X75/9467/2018
Nayeli Baraka,X75/5807/2018
Reese Wahome,X75/5524/2018
Alani Ireri,X74/7272/2018
Sincere Ogola,X74/1920/2018
Gael Mbithe,X75/8974/2018
Shaniya Aluoch,X75/9655/2018
Caden Salat,X74/4159/2018
Aiden Nkirote,X74/8197/2018
Donavan Bii,X75/9171/2018
Trent Nyamai,X74/8151/2018
Guadalupe Musyimi,X74/3100/2018
Houston Ndanu,X74/7152/2018
Valery Ismail,X75/2907/2018
Lorelei Mbuthia,X75/4394/2018
Griffin Muendo,X75/4680/2018
Marc Ngure,X74/7308/2018
Zachery Limo,X75/5665/2018
Slade Ochola,X75/7299/2018
Pablo Moses,X75/1786/2018
Kamari Rop,X75/9537/2018
Eduardo Nyokabi,X74/4785/2018
Andrea Komen,X75/4359/2018
Peyton Kihara,X74/7548/2018
Derek Mmbone,X74/9680/2018
Yazmin Mumbua,X74/5673/2018
Melanie Murugi,X74/2517/2018
Jace Boru,X75/9627/2018
Jimmy Ndinda,X75/1673/2018
Alyson Sikuku,X74/2919/2018
Kamron Muthama,X74/5355/2018
Savanna Kiragu,X74/7460/2018
Rowan Jepkosgei,X74/2786/2018
Mario Mukiri,X74/2032/2018
Damari Alio,X75/7345/2018
Eden Wanjira,X75/8372/2018
Clark Mokua,X75/8618/2018
Frances Opondo,X74/2651/2018
Simone Wario,X74/7970/2018
Kingston Muinde,X75/1877/2018
Emely Suleiman,X75/4420/2018
Dominique Orina,X75/8175/2018
Nathaly Khisa,X74/7035/2018
Vivian Ouko,X75/2901/2018
Jayvion Jepkemboi,X74/7102/2018
Sage Michael,X74/7371/2018
Saul Murage,X74/7317/2018
Lawson Jerotich,X74/9438/2018
Macey Kibe,X75/8063/2018
Rebekah Gitari,X75/9560/2018
Jasiah Chepchumba,X74/1766/2018
Marques Ndolo,X74/4232/2018
Sullivan Simon,X74/3777/2018
Natalee Mugure,X74/4724/2018
Rigoberto Abdille,X74/4552/2018
Nathalie Abdallah,X75/4263/2018
Shayna Odoyo,X75/5866/2018
Annika Wawira,X74/9605/2018
Makai Kaingu,X75/5713/2018
Kenzie Ombati,X74/2491/2018
Dwayne Muhonja,X75/8898/2018
Christine Muriungi,X75/9339/2018
Rylee Kimeli,X75/4363/2018
Moises Stephen,X74/8778/2018
Stephany Nelima,X75/4994/2018
Kason Musili,X75/2463/2018
Keenan Jepkorir,X75/6731/2018
Haylie Deng,X75/5023/2018
Callie Toroitich,X74/3444/2018
Ezra Obonyo,X75/4972/2018
Eliza Ndiritu,X75/4074/2018
Marcus Omwenga,X75/2906/2018
Kiersten Bashir,X74/7870/2018
Luna Kalama,X75/1715/2018
Lucy Sigei,X75/4298/2018
Kristian Nabwire,X74/8396/2018
Shaylee Kurgat,X75/2853/2018
Reginald Maritim,X75/2318/2018
Madilynn Okinyi,X75/7744/2018
Brett Wamaitha,X74/4449/2018
Alivia Emmanuel,X74/8882/2018
Jaylyn Rashid,X74/7559/2018
Jordan Mbuvi,X74/5562/2018
Tyson Thuku,X74/5537/2018
Leandro Sammy,X74/6943/2018
Eden Bahati,X75/5621/2018
Ralph Obiero,X74/5542/2018
Annabella Ndege,X75/2821/2018
Jaqueline Koome,X74/4868/2018
Moshe Masai,X75/6655/2018
Nylah Gacheri,X75/5728/2018
Madalynn Charles,X75/3759/2018
Paloma Nthenya,X75/5944/2018
Jared Kinoti,X74/5613/2018
Phoenix Muteti,X74/4192/2018
Dulce Shikuku,X75/6937/2018
Julio Francis,X75/8723/2018
Alden Mwanza,X75/6819/2018
Jaelynn Omolo,X75/6809/2018
Emiliano Nzuki,X74/8274/2018
Brennan Mutegi,X75/2716/2018
Maribel Kiptanui,X75/4354/2018
Alessandro Nzioki,X74/6327/2018
Hana Ayuma,X74/6265/2018
Zain Masha,X75/2128/2018
Alan Chumba,X75/2010/2018
Solomon Jillo,X75/5540/2018
Nora Nduati,X74/1706/2018
Belen Kitheka,X75/5691/2018
Caitlyn Jerono,X75/3663/2018
Amaya Wayua,X74/8369/2018
Carlie Mureithi,X74/3757/2018
Marisa Ewoi,X75/7398/2018
Helen Muthini,X75/7951/2018
Mckenna Khalif,X75/7222/2018
Patience Sila,X75/9374/2018
Jadyn Mwihaki,X74/8799/2018
Keon Maroa,X75/4326/2018
Cadence Ekiru,X74/9439/2018
Jayson Jelimo,X75/1790/2018
Kaitlynn Ngina,X74/8828/2018
Maren Ojiambo,X74/1661/2018
Perla Chengo,X74/5173/2018
Sonia Kagendo,X75/5452/2018
Sanaa Gichuhi,X74/2918/2018
Marcelo Matheka,X74/2995/2018
Ellis Mulei,X74/5040/2018
Denise Kangogo,X75/3853/2018
Alana Brian,X75/6498/2018
Ayana George,X74/4898/2018
Theresa Mulongo,X74/6135/2018
Brenda Murigi,X74/1470/2018
Kayley Kiptum,X74/5708/2018
Kathy Kipyego,X75/9300/2018
Katrina Ndambuki,X74/2036/2018
Austin Kandie,X74/7502/2018
Jorge Muasya,X75/8363/2018
Kimora Warui,X74/5517/2018
Mikaela Kipkogei,X75/2869/2018
Anabelle Chebii,X75/7863/2018
Skyla Kombe,X74/1509/2018
Tiara Jepleting,X74/8351/2018
Mateo Adow,X74/8973/2018
Gabriel Ngatia,X74/3226/2018
Bennett Musungu,X75/2229/2018
Lola Njihia,X74/1517/2018
Deborah Nyakio,X74/4749/2018
Sara Murunga,X75/2578/2018
Adeline Amondi,X75/4696/2018
Whitney Wamuyu,X74/2594/2018
Jon Abdikadir,X74/4216/2018
Francis Muindi,X74/5690/2018
Danica Mwalimu,X75/7874/2018
Abbie Chelagat,X75/6399/2018
Kiana Mutemi,X74/4147/2018
Harley Thomas,X75/9337/2018
Kamden Ndwiga,X74/2142/2018
Anastasia Serem,X74/7369/2018
Matteo Athman,X75/4422/2018
Mya Yusuf,X74/6268/2018
Kasen Mong'are,X74/5102/2018
Conrad Kimanthi,X75/8307/2018
Kylan Nyang'au,X74/3397/2018
Madisyn Adongo,X74/5347/2018
Josie Mulinge,X74/9044/2018
Brayden Muya,X74/1858/2018
Yair Chemtai,X74/3146/2018
Hayley Nyamweya,X74/7939/2018
Mariam Syombua,X74/2242/2018
Savion Kalume,X74/8734/2018
London Miriti,X74/8434/2018
Isaiah Mahat,X75/6384/2018
Eileen Bwire,X75/1718/2018
Arturo Kamene,X74/2912/2018
Cherish Wanza,X75/9396/2018
Mariela Muchui,X74/6843/2018
Irene Muoki,X75/7571/2018
Cheyanne Ndichu,X75/3464/2018
Brooklynn Yator,X74/4369/2018
Libby Kimaiyo,X74/3681/2018
Cristina Ndunda,X74/8934/2018
Abril Gikonyo,X74/3172/2018
Luciano Bosibori,X75/8868/2018
Maeve Mwania,X74/5913/2018
Julie Muthuri,X75/2470/2018
Kiley Ogolla,X75/4498/2018
Leilani Thuranira,X74/1475/2018
Calvin Musimbi,X75/8607/2018
Armando Wabwire,X74/3660/2018
Patricia Nyaguthii,X74/3035/2018
Kayleigh Munywoki,X74/5600/2018
Regina Muhia,X74/7140/2018
Juan Kadenge,X75/7971/2018
Veronica Thoya,X75/7465/2018
Quincy Keya,X75/8653/2018
Maritza Okech,X74/1679/2018
Lilyana Kiio,X74/9266/2018
Caiden Mongare,X75/4125/2018
Keagan Mwongeli,X74/1448/2018
Jadiel Ongeri,X75/2016/2018
Shyla Onsongo,X74/5482/2018
Raegan Kennedy,X74/4417/2018
Keira Mbatha,X74/9585/2018
Clinton Joshua,X74/3489/2018
Jaxson Nyangau,X74/8687/2018
Hanna Githaiga,X75/7443/2018
Carla Maithya,X74/5029/2018
Ashanti Edin,X74/8125/2018
Zion Kanyi,X74/7619/2018
Roselyn Kogo,X75/7370/2018
Mike Muchoki,X74/1717/2018
Jarrett Maloba,X74/1691/2018
Nadia Isaac,X75/9230/2018
Damarion Kimotho,X74/8108/2018
Brayan Ndiema,X74/6571/2018
Catalina Muuo,X74/9448/2018
Myah Etyang,X74/1533/2018
Ray Kipkemei,X74/8227/2018
Ryland Ngui,X75/6686/2018
Khloe Julius,X75/2492/2018
Isabelle Njuki,X74/7608/2018
Greta Kipleting,X74/6540/2018
Aspen Wabwile,X75/3499/2018
Kenna Jepkirui,X75/9274/2018
Jacquelyn Sakwa,X74/6781/2018
Johnny Kananu,X74/6612/2018
Armani Masila,X74/2719/2018
Marlene Marwa,X75/6868/2018
Sidney Mutindi,X75/9478/2018
Mackenzie Kundu,X75/7278/2018
Aisha Amina,X75/2076/2018
Bailee Kang'ethe,X74/7859/2018
Angel Mwaka,X74/8959/2018
Lorelai Onyancha,X75/3348/2018
Dana Galgallo,X74/8452/2018
Isiah Kaburu,X75/7790/2018
Selah Godana,X74/2090/2018
Ishaan Kilonzi,X75/8877/2018
Jaxon Bare,X75/3671/2018
Emery Muchai,X74/1972/2018
Jonathon Wasonga,X75/4105/2018
Skylar Naibei,X75/2096/2018
Jonathan Ngumbao,X74/9132/2018
Bruce Kiboi,X75/7566/2018
Kiera Koros,X75/8417/2018
Agustin Rioba,X75/6611/2018
Marley Philip,X74/5455/2018
Jerome Nyambane,X75/4710/2018
Amir Muthiani,X74/3761/2018
Nico Ngunjiri,X74/7899/2018
Ethan King'ori,X75/8315/2018
Hillary Ndiwa,X75/2078/2018
Owen Wangare,X75/9109/2018
Tyshawn Esekon,X75/8800/2018
Ezequiel Kivuva,X75/4725/2018
Callum Kobia,X75/2435/2018
Gustavo Akumu,X74/7431/2018
Kamryn Ramadhan,X75/9195/2018
Zoie Esinyen,X74/4801/2018
Case Apiyo,X75/7881/2018
Teagan Kasyoka,X75/5860/2018
Arianna Wako,X75/4780/2018
Landen Situma,X75/1895/2018
Gillian Kadzo,X75/3547/2018
Emerson Mbula,X74/8845/2018
Nickolas Gichuru,X75/6766/2018
Danielle Oyoo,X74/8415/2018
Leon William,X75/5045/2018
Jefferson Gitahi,X75/8947/2018
Grayson Nyamawi,X75/5589/2018
Addisyn Kibor,X75/8759/2018
Noemi Nzau,X75/5784/2018
Skyler Wawire,X75/2029/2018
Tiffany Ngei,X75/4821/2018
Phoebe Cheboi,X75/7030/2018
Malachi Kagwiria,X75/3393/2018
Lukas Okelo,X75/4817/2018
Lilianna Jimale,X75/2674/2018
Daniella Moseti,X75/4406/2018
Diamond Patrick,X75/3403/2018
Jovanny Martin,X75/7898/2018
Leonidas Kitur,X74/6181/2018
Zack Ogeto,X74/8761/2018
Curtis Kiiru,X75/6932/2018
Diya Ogega,X75/5632/2018
Alisha Khamis,X75/4681/2018
Russell Mawira,X75/6651/2018
Reyna Jepngetich,X74/5670/2018
Jovanni Nur,X75/9100/2018
Chris Boke,X74/3207/2018
Kamari Maundu,X74/3548/2018
Joseph Tuwei,X74/6318/2018
Jaiden Nyangweso,X75/5036/2018
Tristen Wakhungu,X74/7505/2018
Braeden Kungu,X74/9034/2018
Dante Wanjau,X74/5755/2018
Caitlin Ekal,X75/5902/2018
Killian Lumumba,X74/4472/2018
Jamison Sitienei,X75/8259/2018
Marco Muraya,X75/2447/2018
Garrett Kiilu,X74/4616/2018
Roy Nyamu,X75/1483/2018
Holden Orwa,X75/3905/2018
Jayleen Waruguru,X75/5974/2018
Raquel Kimaru,X74/6254/2018
Reagan Fondo,X74/7137/2018
Declan Muktar,X74/8242/2018
Boston Kangethe,X75/7943/2018
Brynlee Jepkogei,X74/2312/2018
Kate Nasambu,X74/8988/2018
Kody Ekeno,X74/3621/2018
Journey Ngige,X75/4314/2018
Casey Obuya,X74/3247/2018
Orion Okemwa,X75/8961/2018
Joyce Robert,X74/2758/2018
Selina Robi,X75/5806/2018
Jocelynn Matano,X74/3307/2018
Areli Mwongela,X74/8310/2018
Hayden Mutia,X74/1606/2018
Braydon Chumo,X75/1564/2018
Alannah Karambu,X75/2316/2018
Eleanor Munyi,X75/2323/2018
Lyric Sitati,X75/5587/2018
Roman Samson,X75/4893/2018
Charlie Jacob,X75/8665/2018
Allan Gacheru,X75/8544/2018
Edward Cherutich,X75/6945/2018
Dixie Abubakar,X74/2865/2018
April Chepkemboi,X74/5192/2018
Cannon Abuga,X75/2639/2018
Darien Mangale,X74/4756/2018
Seth Muthike,X75/5501/2018
Giovanny Jackson,X74/2810/2018
Natalya Mahamud,X75/4366/2018
Jeramiah Mawia,X74/7077/2018
Leslie Kimtai,X75/9055/2018
Amina Nyagaka,X75/4493/2018
Trystan Wambura,X74/3285/2018
Madden Odira,X75/3882/2018
Macy Khamisi,X75/7136/2018
Konner Kurui,X75/4524/2018
Deven Murangiri,X75/6317/2018
Iris Kairu,X74/8840/2018
Marley Omwoyo,X75/4573/2018
Milagros Mbae,X75/2817/2018
Brooklyn Lelei,X75/6577/2018
Muhammad Issa,X74/9260/2018
Felicity Kung'u,X74/5671/2018
Kylie Samoei,X75/5525/2018
Sarah Obare,X74/4531/2018
Kaley Theuri,X75/2037/2018
Mekhi Samwel,X75/2935/2018
Antoine Wanga,X75/2023/2018
Mary Roba,X75/7120/2018
Broderick Soita,X74/1550/2018
Aron Mbaabu,X75/4112/2018
Armani Mwero,X74/6844/2018
Janessa Ogada,X74/2028/2018
Alec Lewa,X75/4982/2018
Mitchell Kingori,X75/6557/2018
Finn Obara,X75/7372/2018
Josephine Mutanu,X74/3529/2018
Eric Sawe,X75/2082/2018
Elaine Murungi,X74/1617/2018
Mckenzie Awinja,X75/9646/2018
Lana Nthiga,X74/6674/2018
Isaac Siele,X74/3399/2018
Ethen Baraza,X74/5844/2018
Estrella Nzai,X75/6100/2018
Jensen Mogire,X74/2752/2018
Brynn Mwinzi,X75/8603/2018
Demarcus Maluki,X75/2703/2018
Miya Muthengi,X75/5055/2018
Jabari Bor,X74/6560/2018
Cullen Galgalo,X74/5403/2018
Esteban Mbiti,X75/1529/2018
Beckett Mauti,X75/3682/2018
Yasmine Oginga,X75/1726/2018
Lillianna Dida,X74/7845/2018
Adriel Nzilani,X74/4604/2018
Morgan Micheni,X75/8920/2018
Branden Mitei,X75/9135/2018
Meredith Munyua,X74/4521/2018
Jasmin Ogweno,X74/2118/2018
Jordyn Terer,X75/4993/2018
Dean Nafula,X75/2626/2018
Cooper Titus,X74/4048/2018
Sage Ekitela,X74/8360/2018
Serenity Ambani,X75/7887/2018
Elisa Amoit,X74/1984/2018
Kinsley Halake,X74/9306/2018
Bella Naserian,X75/5265/2018
Dawson Cheyech,X75/3712/2018
Xzavier Mumbe,X75/7614/2018
Nyasia Gati,X74/6359/2018
Angelo Maweu,X75/7644/2018
Tamara Karuga,X75/1747/2018
Naima Ndoro,X75/8013/2018
Holly Ruwa,X74/8262/2018
Kenley Mwadime,X75/3824/2018
Hayden Duba,X75/5770/2018
Yurem Kageha,X75/1538/2018
Myles Muga,X75/5311/2018
Kolby Krop,X75/8376/2018
Zaria Daud,X74/9558/2018
Kallie Nyanchama,X74/6061/2018
Heather Muchira,X74/7139/2018
Alejandra Akello,X74/6779/2018
Laura Emuria,X74/8624/2018
Makhi Chesire,X74/4509/2018
Santino Musee,X74/8708/2018
Sabrina Njoka,X75/4303/2018
Leonardo Ondiek,X75/1918/2018
Cristian Anyona,X75/2742/2018
Linda Zawadi,X74/8842/2018
Simon Huka,X75/7883/2018
Natalia Mahamed,X75/3315/2018
Valeria Yakub,X75/6348/2018
Tia Kaberia,X74/5910/2018
Shaun Kisilu,X74/5087/2018
Kellen Thiong'o,X74/6245/2018
Adison Busienei,X75/4807/2018
Brianna Wavinya,X75/2533/2018
Brycen Mwinyi,X74/6438/2018
Graham Ombui,X75/7006/2018
Nicholas Mukundi,X74/8078/2018
Ricky Hillow,X74/4865/2018
Gaven Keitany,X74/7663/2018
Gianni Chomba,X75/4324/2018
Remington Bulle,X74/9237/2018
Norah Mwema,X75/8747/2018
Tamia Karuri,X75/8740/2018
Cindy Mwathi,X75/6382/2018
Rex Soi,X74/6600/2018
Rohan Evans,X75/3380/2018
Jaydan Imali,X75/6901/2018
Tyler Migwi,X75/1948/2018
Devon Ratemo,X74/2959/2018
Valentino Mutio,X74/4241/2018
Quentin Alex,X75/6499/2018
Cynthia Misiko,X75/8515/2018
Harmony Oyaro,X74/5772/2018
Gerald Abdulla,X75/8595/2018
Landin Benson,X74/5890/2018
Cara Kithome,X75/1773/2018
Kael Mwamburi,X75/7315/2018
Maci Ngome,X74/5732/2018
Jimena Ayieko,X74/2111/2018
Gina Okuku,X75/1650/2018
Isis Richard,X74/2350/2018
Karen Eyanae,X74/2582/2018
Osvaldo Kabiru,X74/6166/2018
Mira Gichohi,X75/5922/2018
Ryleigh Nyabuti,X74/8658/2018
Destinee Abdow,X75/4765/2018
Adrian Joel,X75/2166/2018
Emily Kitonga,X75/5201/2018
Krish Nyale,X74/6650/2018
Parker Towett,X75/5262/2018
Adam Mati,X75/5011/2018
Braiden Ekidor,X74/9119/2018
Sawyer Mutahi,X74/9352/2018
Kolton Mmboga,X75/5768/2018
Jackson Oduori,X74/3325/2018
Katie Changawa,X75/9624/2018
Carmelo Nyangaresi,X75/7815/2018
Tania Maranga,X75/3465/2018
Ainsley Kalekye,X75/2530/2018
Myla Wanje,X74/8174/2018
India Kiama,X75/2795/2018
Cora Muimi,X75/2046/2018
Kareem Gicheru,X75/8254/2018
Charlee Salah,X74/6641/2018
Stanley Eregae,X74/2808/2018
Erick Jarso,X74/6363/2018
Natalie Sande,X74/3543/2018
Jadyn Kakai,X75/5134/2018
Shyann Swaleh,X75/5648/2018
Dalton Chenangat,X74/8996/2018
Sidney Ngao,X74/2668/2018
Davon Nyambu,X75/6842/2018
Kailee Onditi,X75/7422/2018
Ashlynn Bonaya,X74/4122/2018
Tori Nandwa,X75/7076/2018
Virginia Chebon,X74/2249/2018
Ahmed Mwakio,X74/3899/2018
Yuliana Mnangat,X74/9242/2018
Jaydin Lemayian,X75/3997/2018
Addison Erupe,X74/5513/2018
Brice Rugut,X74/3692/2018
Ali Mule,X75/8017/2018
Aryanna Gona,X75/5059/2018
Janet Maitha,X75/8015/2018
Jillian Gachoki,X75/3967/2018
Riley Musila,X74/8099/2018
Kymani Odinga,X75/5132/2018
Aydan Dennis,X74/6659/2018
Jolie Gichana,X75/3213/2018
Ashley Chai,X74/8232/2018
Campbell Muhoro,X75/2878/2018
Greyson Jama,X75/6431/2018
Beckham Nakhumicha,X75/9041/2018
Issac Jemeli,X74/6854/2018
Diego Mundia,X74/8361/2018
Ryder Junior,X75/7336/2018
Jamal Wamboi,X75/4367/2018
Koen Vaati,X74/3572/2018
Aimee Fundi,X75/8129/2018
Warren Menza,X74/2520/2018
Kira Muchemi,X75/3015/2018
Max Victor,X74/5211/2018
Reilly Kituku,X75/2141/2018
Presley Kiogora,X74/6501/2018
Talan Makungu,X74/3267/2018
Meghan Pkemoi,X75/3753/2018
Scott Jumba,X75/8612/2018
Elsa Wechuli,X75/6812/2018
Sarai Moturi,X75/7637/2018
Eva Kajuju,X75/2498/2018
Amber Mayaka,X74/4088/2018
Christian Yatich,X74/5646/2018
Kaylah Mbaka,X74/4881/2018
Savannah Kibiwott,X74/7780/2018
Kaila Mucheru,X75/7838/2018
Sam Gure,X74/3938/2018
Zavier Ngaruiya,X74/5593/2018
Chance Okongo,X74/6094/2018
Evie Munguti,X75/5372/2018
Brenton Ngotho,X75/6936/2018
Teresa Mamo,X75/5024/2018
Daphne Muthami,X75/6388/2018
Kennedi Benard,X75/3153/2018
Saige Ondari,X75/7549/2018
Jose Otiende,X75/5748/2018
Lizeth Mzungu,X75/4946/2018
Madalyn Ombasa,X74/9269/2018
Lilliana Kimosop,X75/5817/2018
Addyson Jelagat,X75/8545/2018
Lorenzo Muchangi,X75/8866/2018
Heidy Aloo,X75/1614/2018
Derrick Abdiaziz,X75/9369/2018
Bryce Andrew,X75/1669/2018
Laila Gedi,X74/3886/2018
Ciara Matara,X75/3866/2018
Miracle Kelvin,X74/8070/2018
Azul Mwendia,X75/2068/2018
Alfonso Karwitha,X74/7546/2018
Keely Apondi,X75/1878/2018
Hunter Barongo,X75/4012/2018
Quintin Chepkwemoi,X75/5760/2018
Ruby Mukoya,X74/7980/2018
Hudson Minayo,X74/8518/2018
Clay Masese,X75/9495/2018
Gaige Ziro,X74/3365/2018
Lawrence Kwemoi,X75/7256/2018
Darnell Wakio,X75/2913/2018
Nikolas Munyiva,X74/6010/2018
Jude Saidi,X74/6813/2018
Yadiel Chepkosgei,X75/2325/2018
Carlos Yaa,X75/4018/2018
Barrett Achola,X74/7560/2018
Taryn Mambo,X75/6816/2018
Jamie Jelle,X74/3070/2018
Amiya Tirop,X75/3492/2018
Azaria Mbui,X75/7699/2018
Aubree Komora,X74/9543/2018
Charlotte Abdifatah,X74/8681/2018
Jakob Mageto,X75/6243/2018
Anabel Kamathi,X74/8539/2018
Stacy Kanja,X74/4702/2018
Trevon Gathogo,X74/4465/2018
Frank Mutune,X74/7957/2018
Ingrid Wabomba,X75/9660/2018
Brodie Kiptui,X75/5214/2018
Mauricio Gatimu,X75/6277/2018
Deshawn Jomo,X75/8579/2018
Anderson Meli,X74/8790/2018
Brian Dagane,X75/8952/2018
Brylee Mutungi,X75/8863/2018
Sterling Mumba,X74/6117/2018
Alessandra Weru,X74/3925/2018
Octavio Kabui,X75/7458/2018
Beau Kaimenyi,X75/6947/2018
Jeremiah Kimemia,X75/4392/2018
Rhett Musya,X74/3811/2018
Jordyn Jepkemei,X75/5112/2018
Jenna Saina,X74/8757/2018
Carleigh Kaloki,X74/7056/2018
Abagail Elijah,X74/9442/2018
Noah Kibiwot,X74/2112/2018
Nathanael Kiti,X75/3632/2018
Chaz Nzisa,X75/7291/2018
Lainey Kiema,X75/6369/2018
River Mogeni,X75/6366/2018
Grady Wanjugu,X75/7964/2018
Makenna Birgen,X75/3718/2018
German Shariff,X75/8650/2018
Halle Gachanja,X74/2607/2018
Kolten Osiemo,X74/3879/2018
Kelton Onyiego,X75/8011/2018
Erica Iminza,X74/8208/2018
London Muange,X74/1459/2018
Kaylee Musumba,X74/3299/2018
Marquise Bore,X75/8205/2018
Chloe Saruni,X75/5179/2018
Keyon Mwololo,X75/3831/2018
Tony Abdinoor,X75/7821/2018
Jaquan Awadh,X74/6395/2018
Gunnar Jefwa,X74/6387/2018
Cheyenne Lumbasi,X74/6502/2018
Zoe Wangai,X74/7757/2018
Monique Nyoike,X74/1912/2018
Makayla Wanzala,X74/3251/2018
Jaliyah Saitoti,X75/8423/2018
Jennifer Adam,X74/5509/2018
Nikhil Mogere,X74/4797/2018
Sammy Benjamin,X75/9572/2018
Paulina Kaari,X74/6333/2018
Mia Muraguri,X74/5073/2018
Madeleine Sidi,X74/6161/2018
Evangeline Nyawa,X74/5187/2018
Shamar Kevin,X74/5823/2018
Katelyn Omweri,X75/2276/2018
frank Maghanga,X75/5521/2018
Raven Nafuna,X75/3494/2018
John Angwenyi,X75/8116/2018
