Name,Reg.No,XET201 MICROECONOMICS
Rafael Otieno,X74/1480/2018,81 A
Diana Mohamed,X74/1746/2018,98 A
Deangelo Mwangi,X74/2204/2018,62 B
Gary Odhiambo,X74/7002/2018,51 C
Jamya Maina,X75/9262/2018,68 B
Amirah Ochieng,X74/5058/2018,55 C
Dashawn Ali,X74/4889/2018,95 A
Mayra Kamau,X74/5701/2018,75 A
Winston Omondi,X75/7666/2018,69 B
Gemma Onyango,X75/3183/2018,80 A
Byron Juma,X75/6760/2018,73 A
Uriah Hassan,X75/2962/2018,86 A
Sophia Abdi,X74/2822/2018,40 D
Jeffrey Wambui,X74/2402/2018,78 A
Rodolfo Atieno,X74/4254/2018,45 D
Neveah Wanjiku,X74/8150/2018,51 C
Joshua Njoroge,X75/6961/2018,92 A
Lamar Njeri,X74/5354/2018,43 D
Kylee Kariuki,X74/5931/2018,49 D
Johanna Akinyi,X74/3862/2018,30 E
Anne Wafula,X74/1544/2018,78 A
Julianna Achieng,X75/5522/2018,59 C
Alison Muthoni,X75/6136/2018,28 E
Sydnee Ouma,X74/7457/2018,28 E
Davin Ahmed,X74/6036/2018,57 C
Aniyah Kimani,X75/3376/2018,92 A
Aryan Hussein,X74/6415/2018,74 A
Camren Adan,X75/5159/2018,63 B
Kaya Mutua,X75/6433/2018,55 C
Evelyn Abdullahi,X75/4034/2018,41 D
Ali Adhiambo,X74/2280/2018,79 A
Laney Cheruiyot,X74/3020/2018,63 B
Mark Njuguna,X75/9656/2018,32 E
Juliet Kibet,X74/4936/2018,79 A
Keith Simiyu,X75/2633/2018,49 D
William Macharia,X75/3113/2018,38 E
Terrell Wanjala,X75/7893/2018,38 E
Sergio Barasa,X74/1831/2018,91 A
Kaleigh Wambua,X74/1512/2018,68 B
Hugh Wairimu,X74/4279/2018,28 E
Adrienne Chebet,X74/2518/2018,27 E
Chandler Koech,X75/6215/2018,85 A
Malik Ibrahim,X74/2105/2018,39 E
Donovan Omar,X75/5158/2018,64 B
Carson Nyambura,X75/6971/2018,87 A
Marina Rotich,X74/7237/2018,53 C
Jovani Karanja,X74/4037/2018,51 C
Gracelyn Anyango,X75/4285/2018,57 C
Mckayla Wangui,X75/1897/2018,65 B
Madelyn Wekesa,X74/7747/2018,92 A
Trace Okoth,X74/3430/2018,59 C
Tess Langat,X75/4804/2018,88 A
Raiden Chepkemoi,X74/5075/2018,53 C
Jazlyn Mutuku,X75/2353/2018,58 C
Kaitlyn Owino,X74/4330/2018,36 E
Dallas Wangari,X74/5143/2018,91 A
Cecilia Njoki,X75/5185/2018,52 C
Bailey Awuor,X75/6208/2018,49 D
Gavyn Musyoka,X75/2964/2018,66 B
Aditya Nyongesa,X75/1578/2018,97 A
Liliana Cherotich,X75/7082/2018,53 C
Izayah Wanyonyi,X74/2839/2018,37 E
Alex Chepkoech,X75/4656/2018,37 E
Jaylene Korir,X74/9370/2018,29 E
Scarlet Chelangat,X75/1634/2018,90 A
Walter Kiptoo,X74/7387/2018,43 D
Priscilla Mwendwa,X75/6175/2018,43 D
Hope Mbugua,X74/7905/2018,24 E
Matthew Chege,X74/9413/2018,50 C
Jairo Waweru,X74/5592/2018,70 A
Siena Kinyua,X75/2254/2018,93 A
Kaliyah Ngugi,X75/4842/2018,59 C
Ignacio Kiprotich,X75/6954/2018,67 B
Hassan Kipkoech,X74/4313/2018,54 C
Deegan Oduor,X74/3390/2018,51 C
Brenna Mburu,X75/4284/2018,26 E
Will Akoth,X75/6627/2018,36 E
Arielle Kirui,X75/3500/2018,80 A
Jaden Mwende,X75/6553/2018,98 A
Ashleigh Kioko,X75/2590/2018,45 D
Vincent Gitonga,X75/2696/2018,31 E
Javion Rono,X74/3167/2018,59 C
Bryant Auma,X74/8029/2018,95 A
Alexander Mwaura,X75/2966/2018,89 A
Antony Muriithi,X74/9607/2018,70 A
Riya Gitau,X75/1919/2018,60 B
Lydia Munene,X74/8786/2018,60 B
Hailey Wachira,X74/8638/2018,61 B
Magdalena Irungu,X75/2654/2018,27 E
Elian Njeru,X75/1768/2018,67 B
Janiah Kemboi,X75/1857/2018,27 E
Jonah Mutai,X74/7143/2018,66 B
Theodore Cherono,X75/7645/2018,73 A
Jaylin Kimutai,X75/9703/2018,33 E
Devyn Ndungu,X74/8872/2018,43 D
Xander Nyaga,X75/9569/2018,50 C
Turner Mutinda,X74/4882/2018,52 C
Connor Ndung'u,X75/6796/2018,87 A
Reese Chepkorir,X74/7428/2018,30 E
Javon NA,X74/2860/2018,37 E
Amelie Ng'ang'a,X74/6660/2018,79 A
Aliza Chepkirui,X74/2973/2018,37 E
Miranda Kiprono,X74/7181/2018,25 E
Zaid Mungai,X75/5251/2018,56 C
Reuben Bett,X74/4068/2018,57 C
Kelsie Muriuki,X74/4242/2018,26 E
Andre Mwenda,X74/9172/2018,44 D
Teagan Yussuf,X75/6948/2018,93 A
Ramon Njenga,X74/9387/2018,84 A
Elaina Said,X75/2327/2018,60 B
Rachel Osman,X74/3939/2018,99 A
Jayden Kiprop,X75/3689/2018,35 E
Justus Mohamud,X74/5943/2018,88 A
Sierra Kiplagat,X75/9290/2018,91 A
Darren Kipkorir,X75/7418/2018,99 A
Jessie Awino,X75/3011/2018,79 A
Grace John,X74/4922/2018,80 A
Elena Mwaniki,X75/2219/2018,95 A
Kaylen Charo,X75/2705/2018,69 B
Adelyn Murithi,X74/3989/2018,52 C
Kian Mugo,X75/1868/2018,51 C
Arabella Kosgei,X74/3372/2018,62 B
Shirley Makokha,X74/3791/2018,42 D
Alfredo Kyalo,X74/8754/2018,45 D
Ireland Karisa,X74/3377/2018,46 D
Saniyah Ngetich,X75/7991/2018,37 E
Jakobe Okumu,X75/3156/2018,54 C
Luke Kinyanjui,X75/6677/2018,55 C
Travis Chepngetich,X75/6836/2018,49 D
Chaim Peter,X74/4628/2018,61 B
Dayton Maalim,X74/9645/2018,78 A
Jagger Issack,X75/2561/2018,57 C
Finley Muli,X74/3865/2018,59 C
Denisse Kazungu,X74/9349/2018,80 A
Sheldon Katana,X74/7850/2018,47 D
Rogelio Kimathi,X75/5456/2018,56 C
Konnor Kiplangat,X75/2958/2018,50 C
Brendan Wamalwa,X74/9272/2018,59 C
Jadon Momanyi,X74/8874/2018,45 D
Tucker Musyoki,X75/9554/2018,78 A
Yaritza Kuria,X74/1692/2018,31 E
Akira Mutisya,X74/5969/2018,47 D
Lauryn Cheptoo,X74/1708/2018,88 A
Alexus Kipngetich,X74/4222/2018,66 B
Abigayle Wainaina,X74/9220/2018,35 E
Damaris Chemutai,X75/6903/2018,82 A
Claudia Muchiri,X75/6356/2018,62 B
Andy Nyakundi,X74/7837/2018,99 A
Jaden Wanyama,X75/3042/2018,59 C
Bryan Sheikh,X74/9205/2018,58 C
Damon Mohammed,X75/7510/2018,37 E
Jaylee Mugambi,X75/4689/2018,92 A
Nigel Kipchumba,X75/9139/2018,45 D
Liana Nekesa,X75/3552/2018,93 A
Mina Wanja,X74/7892/2018,59 C
Lacey Moraa,X75/9408/2018,91 A
Esperanza Odongo,X75/7840/2018,59 C
Kyleigh Opiyo,X75/4036/2018,76 A
Alexzander Noor,X74/2286/2018,80 A
Axel Kahindi,X74/1823/2018,73 A
Markus Muiruri,X74/7508/2018,97 A
Maddison Chepngeno,X75/9353/2018,25 E
Pedro Mutunga,X74/4813/2018,43 D
Briana Mueni,X75/4121/2018,31 E
Donald Njagi,X74/4305/2018,95 A
Cade Ndegwa,X74/6407/2018,82 A
Odin Karimi,X75/9324/2018,52 C
Jayvon Nganga,X74/5930/2018,84 A
Dominic Nyabuto,X75/8605/2018,48 D
Semaj Wanjohi,X74/9204/2018,81 A
Donna Kipruto,X75/7830/2018,43 D
Philip David,X74/4590/2018,27 E
Zachary Aden,X75/9203/2018,77 A
Julius Musa,X75/5282/2018,28 E
Lee Chepkwony,X74/8302/2018,67 B
Mathias Sang,X75/4694/2018,68 B
Maia Okello,X74/2356/2018,68 B
Julian Oluoch,X75/5373/2018,91 A
Cristofer Ndirangu,X74/4902/2018,45 D
Anaya Munyao,X75/2978/2018,24 E
Alayna Murimi,X75/8030/2018,49 D
Allie Mumo,X74/4578/2018,24 E
Marisol Kipchirchir,X75/6626/2018,85 A
Zackary Mwikali,X75/8935/2018,64 B
Reece Njogu,X75/9173/2018,62 B
Rowan Makena,X74/7766/2018,65 B
Thaddeus Owuor,X75/5545/2018,56 C
Kadyn Ngeno,X74/8356/2018,62 B
Jaycee Mukami,X75/8684/2018,40 D
Atticus Kerubo,X75/5402/2018,31 E
Ellie Githinji,X75/7824/2018,95 A
Marilyn Joseph,X74/9620/2018,28 E
Athena Kipkirui,X75/6739/2018,66 B
Allen Makau,X75/4925/2018,42 D
Damian Kendi,X75/4013/2018,87 A
Daisy Mwanzia,X75/4238/2018,70 A
Valentin Ondieki,X74/7450/2018,76 A
Junior Mutheu,X75/9433/2018,50 C
Chase Mulwa,X75/5868/2018,37 E
Nicolas Muema,X74/5904/2018,93 A
Eddie NA,X75/7059/2018,30 E
Tristin Kilonzo,X74/3615/2018,70 A
Serena Cherop,X75/8094/2018,68 B
Maurice Muturi,X75/6950/2018,94 A
Payton Kiarie,X74/5917/2018,45 D
Elisha Musembi,X74/4308/2018,96 A
Olive Waithira,X74/7959/2018,46 D
Gretchen Mutiso,X74/1615/2018,58 C
Harold Kipkemoi,X75/1513/2018,82 A
Renee Karani,X74/6283/2018,38 E
Rhianna Mwita,X74/5330/2018,82 A
Jaida Waithera,X74/6847/2018,76 A
Isabela Kirimi,X75/1826/2018,77 A
Elias Gatwiri,X75/9248/2018,57 C
Landyn Wambugu,X75/3902/2018,94 A
Adrien Mumbi,X75/8823/2018,82 A
Emilia Ruto,X75/1599/2018,69 B
Hazel Makori,X74/9647/2018,83 A
Tate Nanjala,X75/3897/2018,47 D
Jayla Maingi,X75/3937/2018,76 A
Shayla Chacha,X75/6110/2018,69 B
Mathew Mwangangi,X74/6372/2018,57 C
Roger Muhumed,X74/3639/2018,85 A
Daniel Nduta,X74/6976/2018,75 A
Jamir Abdalla,X75/7401/2018,54 C
Emery Njiru,X74/7955/2018,51 C
Kathleen Wanjiru,X74/5110/2018,74 A
Marshall Tanui,X74/5183/2018,91 A
Fisher Nasimiyu,X75/9127/2018,77 A
Paxton Lagat,X75/7079/2018,86 A
Joel Mwiti,X74/7421/2018,42 D
Kadence Kinuthia,X74/7640/2018,32 E
Judith Kawira,X74/8448/2018,61 B
Carolina Ogutu,X74/9482/2018,95 A
Amari Farah,X75/4629/2018,92 A
Gordon Rutto,X74/2562/2018,52 C
Aliya Guyo,X75/8837/2018,66 B
Ramiro Oloo,X74/3346/2018,27 E
Rylie Musau,X74/9517/2018,86 A
Wesley Chirchir,X74/2196/2018,30 E
Alisson Yegon,X75/5409/2018,34 E
Pierce Nduku,X75/4806/2018,86 A
Selena Salim,X74/9519/2018,28 E
Madilyn Kwamboka,X74/6989/2018,86 A
Abraham Kinya,X74/2095/2018,31 E
Kiara Were,X74/2182/2018,45 D
Ellen Too,X75/5027/2018,60 B
Jenny Mutuma,X74/3258/2018,28 E
Valerie Odero,X75/4399/2018,50 C
Piper James,X74/5816/2018,60 B
Camden Abdirahman,X74/7113/2018,53 C
Elise Bakari,X74/8611/2018,56 C
Toby Mutwiri,X75/3214/2018,88 A
Yosef Gakii,X75/7629/2018,61 B
Jada Omollo,X75/5270/2018,78 A
Billy Mbithi,X74/3506/2018,97 A
Dax Wesonga,X75/2015/2018,62 B
Romeo Mboya,X75/2789/2018,28 E
Gabriella Kipsang,X75/3231/2018,82 A
Nathalia Muia,X75/6163/2018,52 C
Dania Masinde,X75/2237/2018,64 B
Lindsey Gathoni,X74/4891/2018,71 A
Isai Muthui,X74/6026/2018,98 A
Makenzie Kiplimo,X74/2087/2018,45 D
Bryanna Kipngeno,X74/4525/2018,82 A
Cale Kipkemboi,X74/8676/2018,98 A
Bria Paul,X75/7376/2018,84 A
Miguel Thuo,X75/7686/2018,57 C
Arely Nkatha,X75/3427/2018,57 C
Braxton Wasike,X74/2077/2018,96 A
Nina Ngigi,X75/8384/2018,54 C
James Kipyegon,X74/8154/2018,90 A
Sophie Mokaya,X75/3850/2018,59 C
Timothy Mutembei,X75/6911/2018,34 E
Elianna Wandera,X75/9183/2018,90 A
Haven Nderitu,X75/4777/2018,98 A
David Mwai,X74/6663/2018,39 E
Rebecca Nyawira,X75/5074/2018,72 A
Yasmin Kimeu,X74/9635/2018,52 C
Tyrell Jepchirchir,X74/7177/2018,93 A
Isla Okeyo,X74/4114/2018,28 E
Jaslene Naliaka,X74/6920/2018,54 C
Taniyah Chepkurui,X74/1609/2018,84 A
Harper Maiyo,X74/6307/2018,97 A
Yadira Jeptoo,X74/7734/2018,40 D
Malia Samuel,X74/5031/2018,93 A
Alina Bundi,X74/4078/2018,33 E
Princess Ngari,X74/3468/2018,91 A
Bethany Mbogo,X74/6244/2018,85 A
Georgia Kipkosgei,X74/6412/2018,51 C
Lillian Kipkurui,X75/7960/2018,96 A
Tristian Chelimo,X75/5720/2018,32 E
Arnav Baya,X75/6589/2018,73 A
Katelynn Ngala,X74/8857/2018,37 E
Janelle Waithaka,X75/1960/2018,98 A
Danika Omari,X74/7602/2018,34 E
Elliot Aoko,X75/4762/2018,33 E
Giancarlo Kimanzi,X75/7680/2018,47 D
Emilee Ooko,X74/7013/2018,70 A
Mercedes Njue,X75/3942/2018,52 C
Vance Mutugi,X75/8982/2018,60 B
Angela Ndunge,X75/1721/2018,34 E
Quinn Kenga,X75/1792/2018,96 A
Charles Jepkoech,X74/7296/2018,40 D
Rolando Bosire,X74/6447/2018,84 A
Kirsten Wangechi,X74/5174/2018,84 A
Jesse Ntinyari,X75/8444/2018,25 E
Laci Kathambi,X75/5289/2018,50 C
Yael Morara,X75/5253/2018,41 D
Kenny Nzioka,X74/3719/2018,52 C
Bailey Sifuna,X75/3940/2018,26 E
Dominique Kanini,X75/3211/2018,48 D
Jessie Mukhwana,X74/3608/2018,75 A
Henry Njau,X75/6314/2018,85 A
Araceli Mwirigi,X74/3445/2018,43 D
Gregory Munga,X74/3836/2018,96 A
Paisley Tsuma,X75/3446/2018,36 E
Payton Kirwa,X74/2833/2018,90 A
Melody Kigen,X74/3024/2018,44 D
Waylon Mathenge,X75/6737/2018,36 E
Francisco Daniel,X75/3900/2018,36 E
Denzel Odiwuor,X75/6188/2018,65 B
Amaris Kassim,X75/3219/2018,94 A
Alicia Mutie,X75/2172/2018,91 A
Carlo Oketch,X74/7301/2018,47 D
Imani Mose,X74/8657/2018,27 E
Tyree Kithinji,X74/6912/2018,95 A
Bradley Kathure,X74/5519/2018,28 E
Madeline Gichuki,X74/8506/2018,70 A
Raymond Oyugi,X74/6237/2018,63 B
Jazlynn Chepchirchir,X75/7581/2018,91 A
Royce Tonui,X74/9033/2018,47 D
Sienna Mutethia,X74/3479/2018,81 A
Clarissa Muthomi,X75/8675/2018,80 A
Shannon Jemutai,X75/1567/2018,74 A
Amy Safari,X75/2750/2018,40 D
Jason Cheruto,X74/4660/2018,54 C
Giuliana Ekai,X74/6280/2018,72 A
Jack Wangeci,X74/4183/2018,72 A
Cameron Biwott,X75/8270/2018,97 A
Dario Tarus,X74/6999/2018,81 A
Shea Koskei,X74/5821/2018,66 B
Salvador Keter,X75/5490/2018,49 D
Dennis Nyaboke,X75/1654/2018,37 E
Harper Muthee,X75/3352/2018,50 C
Lane Kamande,X74/6430/2018,26 E
Taniya Masika,X75/3442/2018,71 A
Asher Khaemba,X74/5130/2018,71 A
Kobe Njambi,X74/5864/2018,30 E
Adalynn Wangila,X75/1672/2018,28 E
Kristin Jerop,X75/6606/2018,62 B
Kameron Mogaka,X75/1988/2018,31 E
Iliana Issak,X75/6964/2018,74 A
Blake Odera,X74/3633/2018,25 E
Lily Kitsao,X75/2006/2018,40 D
Gisselle Dahir,X74/5044/2018,31 E
Memphis Jebet,X74/3194/2018,34 E
Jeffery Muthoka,X75/6767/2018,26 E
Ben Haji,X74/8206/2018,81 A
Cayden Muigai,X75/8609/2018,90 A
Heidi Kanana,X74/6665/2018,73 A
Stephanie Ojwang,X75/4070/2018,72 A
Ashton Waswa,X75/6908/2018,91 A
Marcel Nzomo,X75/4179/2018,26 E
Lizbeth Munyoki,X74/7247/2018,48 D
Micah Osoro,X74/6925/2018,35 E
Isabel Kemei,X75/2792/2018,61 B
Jacoby Kombo,X75/6146/2018,39 E
Leila Hamisi,X75/4914/2018,39 E
Leanna Wanyoike,X74/9695/2018,57 C
Dexter Chesang,X75/9189/2018,96 A
Shelby Mugendi,X75/8541/2018,76 A
Clara Owiti,X75/8319/2018,25 E
Matthias Jeruto,X75/6864/2018,24 E
Braylen Jepchumba,X74/4741/2018,61 B
Chanel Ronoh,X75/1698/2018,53 C
Roderick Yego,X75/9467/2018,98 A
Nayeli Baraka,X75/5807/2018,43 D
Reese Wahome,X75/5524/2018,91 A
Alani Ireri,X74/7272/2018,27 E
Sincere Ogola,X74/1920/2018,41 D
Gael Mbithe,X75/8974/2018,47 D
Shaniya Aluoch,X75/9655/2018,58 C
Caden Salat,X74/4159/2018,58 C
Aiden Nkirote,X74/8197/2018,61 B
Donavan Bii,X75/9171/2018,97 A
Trent Nyamai,X74/8151/2018,28 E
Guadalupe Musyimi,X74/3100/2018,63 B
Houston Ndanu,X74/7152/2018,77 A
Valery Ismail,X75/2907/2018,59 C
Lorelei Mbuthia,X75/4394/2018,67 B
Griffin Muendo,X75/4680/2018,88 A
Marc Ngure,X74/7308/2018,61 B
Zachery Limo,X75/5665/2018,95 A
Slade Ochola,X75/7299/2018,86 A
Pablo Moses,X75/1786/2018,92 A
Kamari Rop,X75/9537/2018,79 A
Eduardo Nyokabi,X74/4785/2018,65 B
Andrea Komen,X75/4359/2018,36 E
Peyton Kihara,X74/7548/2018,44 D
Derek Mmbone,X74/9680/2018,27 E
Yazmin Mumbua,X74/5673/2018,91 A
Melanie Murugi,X74/2517/2018,95 A
Jace Boru,X75/9627/2018,55 C
Jimmy Ndinda,X75/1673/2018,63 B
Alyson Sikuku,X74/2919/2018,78 A
Kamron Muthama,X74/5355/2018,80 A
Savanna Kiragu,X74/7460/2018,34 E
Rowan Jepkosgei,X74/2786/2018,61 B
Mario Mukiri,X74/2032/2018,32 E
Damari Alio,X75/7345/2018,57 C
Eden Wanjira,X75/8372/2018,37 E
Clark Mokua,X75/8618/2018,63 B
Frances Opondo,X74/2651/2018,26 E
Simone Wario,X74/7970/2018,68 B
Kingston Muinde,X75/1877/2018,69 B
Emely Suleiman,X75/4420/2018,61 B
Dominique Orina,X75/8175/2018,80 A
Nathaly Khisa,X74/7035/2018,49 D
Vivian Ouko,X75/2901/2018,67 B
Jayvion Jepkemboi,X74/7102/2018,66 B
Sage Michael,X74/7371/2018,51 C
Saul Murage,X74/7317/2018,96 A
Lawson Jerotich,X74/9438/2018,95 A
Macey Kibe,X75/8063/2018,66 B
Rebekah Gitari,X75/9560/2018,54 C
Jasiah Chepchumba,X74/1766/2018,29 E
Marques Ndolo,X74/4232/2018,81 A
Sullivan Simon,X74/3777/2018,65 B
Natalee Mugure,X74/4724/2018,61 B
Rigoberto Abdille,X74/4552/2018,76 A
Nathalie Abdallah,X75/4263/2018,43 D
Shayna Odoyo,X75/5866/2018,36 E
Annika Wawira,X74/9605/2018,45 D
Makai Kaingu,X75/5713/2018,73 A
Kenzie Ombati,X74/2491/2018,76 A
Dwayne Muhonja,X75/8898/2018,88 A
Christine Muriungi,X75/9339/2018,27 E
Rylee Kimeli,X75/4363/2018,80 A
Moises Stephen,X74/8778/2018,79 A
Stephany Nelima,X75/4994/2018,44 D
Kason Musili,X75/2463/2018,79 A
Keenan Jepkorir,X75/6731/2018,30 E
Haylie Deng,X75/5023/2018,58 C
Callie Toroitich,X74/3444/2018,44 D
Ezra Obonyo,X75/4972/2018,29 E
Eliza Ndiritu,X75/4074/2018,96 A
Marcus Omwenga,X75/2906/2018,28 E
Kiersten Bashir,X74/7870/2018,49 D
Luna Kalama,X75/1715/2018,29 E
Lucy Sigei,X75/4298/2018,37 E
Kristian Nabwire,X74/8396/2018,94 A
Shaylee Kurgat,X75/2853/2018,38 E
Reginald Maritim,X75/2318/2018,27 E
Madilynn Okinyi,X75/7744/2018,56 C
Brett Wamaitha,X74/4449/2018,71 A
Alivia Emmanuel,X74/8882/2018,85 A
Jaylyn Rashid,X74/7559/2018,45 D
Jordan Mbuvi,X74/5562/2018,51 C
Tyson Thuku,X74/5537/2018,27 E
Leandro Sammy,X74/6943/2018,78 A
Eden Bahati,X75/5621/2018,84 A
Ralph Obiero,X74/5542/2018,62 B
Annabella Ndege,X75/2821/2018,87 A
Jaqueline Koome,X74/4868/2018,83 A
Moshe Masai,X75/6655/2018,60 B
Nylah Gacheri,X75/5728/2018,25 E
Madalynn Charles,X75/3759/2018,55 C
Paloma Nthenya,X75/5944/2018,49 D
Jared Kinoti,X74/5613/2018,29 E
Phoenix Muteti,X74/4192/2018,24 E
Dulce Shikuku,X75/6937/2018,80 A
Julio Francis,X75/8723/2018,58 C
Alden Mwanza,X75/6819/2018,25 E
Jaelynn Omolo,X75/6809/2018,66 B
Emiliano Nzuki,X74/8274/2018,51 C
Brennan Mutegi,X75/2716/2018,98 A
Maribel Kiptanui,X75/4354/2018,97 A
Alessandro Nzioki,X74/6327/2018,75 A
Hana Ayuma,X74/6265/2018,95 A
Zain Masha,X75/2128/2018,73 A
Alan Chumba,X75/2010/2018,69 B
Solomon Jillo,X75/5540/2018,45 D
Nora Nduati,X74/1706/2018,47 D
Belen Kitheka,X75/5691/2018,66 B
Caitlyn Jerono,X75/3663/2018,97 A
Amaya Wayua,X74/8369/2018,90 A
Carlie Mureithi,X74/3757/2018,78 A
Marisa Ewoi,X75/7398/2018,72 A
Helen Muthini,X75/7951/2018,91 A
Mckenna Khalif,X75/7222/2018,67 B
Patience Sila,X75/9374/2018,29 E
Jadyn Mwihaki,X74/8799/2018,60 B
Keon Maroa,X75/4326/2018,83 A
Cadence Ekiru,X74/9439/2018,60 B
Jayson Jelimo,X75/1790/2018,41 D
Kaitlynn Ngina,X74/8828/2018,35 E
Maren Ojiambo,X74/1661/2018,75 A
Perla Chengo,X74/5173/2018,83 A
Sonia Kagendo,X75/5452/2018,39 E
Sanaa Gichuhi,X74/2918/2018,33 E
Marcelo Matheka,X74/2995/2018,97 A
Ellis Mulei,X74/5040/2018,50 C
Denise Kangogo,X75/3853/2018,90 A
Alana Brian,X75/6498/2018,50 C
Ayana George,X74/4898/2018,94 A
Theresa Mulongo,X74/6135/2018,30 E
Brenda Murigi,X74/1470/2018,55 C
Kayley Kiptum,X74/5708/2018,78 A
Kathy Kipyego,X75/9300/2018,83 A
Katrina Ndambuki,X74/2036/2018,92 A
Austin Kandie,X74/7502/2018,85 A
Jorge Muasya,X75/8363/2018,45 D
Kimora Warui,X74/5517/2018,94 A
Mikaela Kipkogei,X75/2869/2018,76 A
Anabelle Chebii,X75/7863/2018,83 A
Skyla Kombe,X74/1509/2018,56 C
Tiara Jepleting,X74/8351/2018,41 D
Mateo Adow,X74/8973/2018,52 C
Gabriel Ngatia,X74/3226/2018,56 C
Bennett Musungu,X75/2229/2018,59 C
Lola Njihia,X74/1517/2018,71 A
Deborah Nyakio,X74/4749/2018,78 A
Sara Murunga,X75/2578/2018,76 A
Adeline Amondi,X75/4696/2018,51 C
Whitney Wamuyu,X74/2594/2018,85 A
Jon Abdikadir,X74/4216/2018,47 D
Francis Muindi,X74/5690/2018,60 B
Danica Mwalimu,X75/7874/2018,31 E
Abbie Chelagat,X75/6399/2018,97 A
Kiana Mutemi,X74/4147/2018,93 A
Harley Thomas,X75/9337/2018,84 A
Kamden Ndwiga,X74/2142/2018,81 A
Anastasia Serem,X74/7369/2018,59 C
Matteo Athman,X75/4422/2018,42 D
Mya Yusuf,X74/6268/2018,66 B
Kasen Mong'are,X74/5102/2018,73 A
Conrad Kimanthi,X75/8307/2018,72 A
Kylan Nyang'au,X74/3397/2018,30 E
Madisyn Adongo,X74/5347/2018,99 A
Josie Mulinge,X74/9044/2018,43 D
Brayden Muya,X74/1858/2018,48 D
Yair Chemtai,X74/3146/2018,71 A
Hayley Nyamweya,X74/7939/2018,34 E
Mariam Syombua,X74/2242/2018,91 A
Savion Kalume,X74/8734/2018,64 B
London Miriti,X74/8434/2018,95 A
Isaiah Mahat,X75/6384/2018,78 A
Eileen Bwire,X75/1718/2018,33 E
Arturo Kamene,X74/2912/2018,53 C
Cherish Wanza,X75/9396/2018,46 D
Mariela Muchui,X74/6843/2018,97 A
Irene Muoki,X75/7571/2018,44 D
Cheyanne Ndichu,X75/3464/2018,84 A
Brooklynn Yator,X74/4369/2018,65 B
Libby Kimaiyo,X74/3681/2018,96 A
Cristina Ndunda,X74/8934/2018,94 A
Abril Gikonyo,X74/3172/2018,56 C
Luciano Bosibori,X75/8868/2018,33 E
Maeve Mwania,X74/5913/2018,82 A
Julie Muthuri,X75/2470/2018,93 A
Kiley Ogolla,X75/4498/2018,85 A
Leilani Thuranira,X74/1475/2018,82 A
Calvin Musimbi,X75/8607/2018,66 B
Armando Wabwire,X74/3660/2018,50 C
Patricia Nyaguthii,X74/3035/2018,25 E
Kayleigh Munywoki,X74/5600/2018,83 A
Regina Muhia,X74/7140/2018,54 C
Juan Kadenge,X75/7971/2018,31 E
Veronica Thoya,X75/7465/2018,80 A
Quincy Keya,X75/8653/2018,72 A
Maritza Okech,X74/1679/2018,63 B
Lilyana Kiio,X74/9266/2018,56 C
Caiden Mongare,X75/4125/2018,91 A
Keagan Mwongeli,X74/1448/2018,66 B
Jadiel Ongeri,X75/2016/2018,75 A
Shyla Onsongo,X74/5482/2018,59 C
Raegan Kennedy,X74/4417/2018,85 A
Keira Mbatha,X74/9585/2018,93 A
Clinton Joshua,X74/3489/2018,77 A
Jaxson Nyangau,X74/8687/2018,97 A
Hanna Githaiga,X75/7443/2018,24 E
Carla Maithya,X74/5029/2018,69 B
Ashanti Edin,X74/8125/2018,56 C
Zion Kanyi,X74/7619/2018,86 A
Roselyn Kogo,X75/7370/2018,83 A
Mike Muchoki,X74/1717/2018,86 A
Jarrett Maloba,X74/1691/2018,43 D
Nadia Isaac,X75/9230/2018,49 D
Damarion Kimotho,X74/8108/2018,89 A
Brayan Ndiema,X74/6571/2018,42 D
Catalina Muuo,X74/9448/2018,88 A
Myah Etyang,X74/1533/2018,70 A
Ray Kipkemei,X74/8227/2018,92 A
Ryland Ngui,X75/6686/2018,67 B
Khloe Julius,X75/2492/2018,56 C
Isabelle Njuki,X74/7608/2018,40 D
Greta Kipleting,X74/6540/2018,69 B
Aspen Wabwile,X75/3499/2018,67 B
Kenna Jepkirui,X75/9274/2018,93 A
Jacquelyn Sakwa,X74/6781/2018,37 E
Johnny Kananu,X74/6612/2018,63 B
Armani Masila,X74/2719/2018,65 B
Marlene Marwa,X75/6868/2018,37 E
Sidney Mutindi,X75/9478/2018,80 A
Mackenzie Kundu,X75/7278/2018,64 B
Aisha Amina,X75/2076/2018,74 A
Bailee Kang'ethe,X74/7859/2018,28 E
Angel Mwaka,X74/8959/2018,26 E
Lorelai Onyancha,X75/3348/2018,74 A
Dana Galgallo,X74/8452/2018,69 B
Isiah Kaburu,X75/7790/2018,26 E
Selah Godana,X74/2090/2018,98 A
Ishaan Kilonzi,X75/8877/2018,51 C
Jaxon Bare,X75/3671/2018,88 A
Emery Muchai,X74/1972/2018,60 B
Jonathon Wasonga,X75/4105/2018,67 B
Skylar Naibei,X75/2096/2018,61 B
Jonathan Ngumbao,X74/9132/2018,27 E
Bruce Kiboi,X75/7566/2018,27 E
Kiera Koros,X75/8417/2018,25 E
Agustin Rioba,X75/6611/2018,37 E
Marley Philip,X74/5455/2018,33 E
Jerome Nyambane,X75/4710/2018,95 A
Amir Muthiani,X74/3761/2018,89 A
Nico Ngunjiri,X74/7899/2018,46 D
Ethan King'ori,X75/8315/2018,43 D
Hillary Ndiwa,X75/2078/2018,62 B
Owen Wangare,X75/9109/2018,64 B
Tyshawn Esekon,X75/8800/2018,97 A
Ezequiel Kivuva,X75/4725/2018,92 A
Callum Kobia,X75/2435/2018,66 B
Gustavo Akumu,X74/7431/2018,63 B
Kamryn Ramadhan,X75/9195/2018,24 E
Zoie Esinyen,X74/4801/2018,73 A
Case Apiyo,X75/7881/2018,63 B
Teagan Kasyoka,X75/5860/2018,32 E
Arianna Wako,X75/4780/2018,85 A
Landen Situma,X75/1895/2018,95 A
Gillian Kadzo,X75/3547/2018,74 A
Emerson Mbula,X74/8845/2018,88 A
Nickolas Gichuru,X75/6766/2018,38 E
Danielle Oyoo,X74/8415/2018,55 C
Leon William,X75/5045/2018,57 C
Jefferson Gitahi,X75/8947/2018,83 A
Grayson Nyamawi,X75/5589/2018,55 C
Addisyn Kibor,X75/8759/2018,55 C
Noemi Nzau,X75/5784/2018,32 E
Skyler Wawire,X75/2029/2018,98 A
Tiffany Ngei,X75/4821/2018,86 A
Phoebe Cheboi,X75/7030/2018,90 A
Malachi Kagwiria,X75/3393/2018,70 A
Lukas Okelo,X75/4817/2018,48 D
Lilianna Jimale,X75/2674/2018,39 E
Daniella Moseti,X75/4406/2018,25 E
Diamond Patrick,X75/3403/2018,29 E
Jovanny Martin,X75/7898/2018,30 E
Leonidas Kitur,X74/6181/2018,68 B
Zack Ogeto,X74/8761/2018,47 D
Curtis Kiiru,X75/6932/2018,80 A
Diya Ogega,X75/5632/2018,56 C
Alisha Khamis,X75/4681/2018,59 C
Russell Mawira,X75/6651/2018,54 C
Reyna Jepngetich,X74/5670/2018,81 A
Jovanni Nur,X75/9100/2018,60 B
Chris Boke,X74/3207/2018,98 A
Kamari Maundu,X74/3548/2018,77 A
Joseph Tuwei,X74/6318/2018,67 B
Jaiden Nyangweso,X75/5036/2018,81 A
Tristen Wakhungu,X74/7505/2018,50 C
Braeden Kungu,X74/9034/2018,72 A
Dante Wanjau,X74/5755/2018,70 A
Caitlin Ekal,X75/5902/2018,57 C
Killian Lumumba,X74/4472/2018,52 C
Jamison Sitienei,X75/8259/2018,75 A
Marco Muraya,X75/2447/2018,30 E
Garrett Kiilu,X74/4616/2018,26 E
Roy Nyamu,X75/1483/2018,69 B
Holden Orwa,X75/3905/2018,40 D
Jayleen Waruguru,X75/5974/2018,40 D
Raquel Kimaru,X74/6254/2018,31 E
Reagan Fondo,X74/7137/2018,59 C
Declan Muktar,X74/8242/2018,41 D
Boston Kangethe,X75/7943/2018,36 E
Brynlee Jepkogei,X74/2312/2018,97 A
Kate Nasambu,X74/8988/2018,27 E
Kody Ekeno,X74/3621/2018,97 A
Journey Ngige,X75/4314/2018,82 A
Casey Obuya,X74/3247/2018,74 A
Orion Okemwa,X75/8961/2018,27 E
Joyce Robert,X74/2758/2018,75 A
Selina Robi,X75/5806/2018,37 E
Jocelynn Matano,X74/3307/2018,68 B
Areli Mwongela,X74/8310/2018,32 E
Hayden Mutia,X74/1606/2018,71 A
Braydon Chumo,X75/1564/2018,29 E
Alannah Karambu,X75/2316/2018,42 D
Eleanor Munyi,X75/2323/2018,96 A
Lyric Sitati,X75/5587/2018,71 A
Roman Samson,X75/4893/2018,51 C
Charlie Jacob,X75/8665/2018,80 A
Allan Gacheru,X75/8544/2018,83 A
Edward Cherutich,X75/6945/2018,28 E
Dixie Abubakar,X74/2865/2018,65 B
April Chepkemboi,X74/5192/2018,95 A
Cannon Abuga,X75/2639/2018,34 E
Darien Mangale,X74/4756/2018,78 A
Seth Muthike,X75/5501/2018,50 C
Giovanny Jackson,X74/2810/2018,82 A
Natalya Mahamud,X75/4366/2018,68 B
Jeramiah Mawia,X74/7077/2018,59 C
Leslie Kimtai,X75/9055/2018,44 D
Amina Nyagaka,X75/4493/2018,34 E
Trystan Wambura,X74/3285/2018,63 B
Madden Odira,X75/3882/2018,85 A
Macy Khamisi,X75/7136/2018,50 C
Konner Kurui,X75/4524/2018,84 A
Deven Murangiri,X75/6317/2018,90 A
Iris Kairu,X74/8840/2018,32 E
Marley Omwoyo,X75/4573/2018,91 A
Milagros Mbae,X75/2817/2018,67 B
Brooklyn Lelei,X75/6577/2018,85 A
Muhammad Issa,X74/9260/2018,51 C
Felicity Kung'u,X74/5671/2018,71 A
Kylie Samoei,X75/5525/2018,95 A
Sarah Obare,X74/4531/2018,53 C
Kaley Theuri,X75/2037/2018,40 D
Mekhi Samwel,X75/2935/2018,95 A
Antoine Wanga,X75/2023/2018,94 A
Mary Roba,X75/7120/2018,45 D
Broderick Soita,X74/1550/2018,89 A
Aron Mbaabu,X75/4112/2018,67 B
Armani Mwero,X74/6844/2018,39 E
Janessa Ogada,X74/2028/2018,24 E
Alec Lewa,X75/4982/2018,96 A
Mitchell Kingori,X75/6557/2018,35 E
Finn Obara,X75/7372/2018,95 A
Josephine Mutanu,X74/3529/2018,57 C
Eric Sawe,X75/2082/2018,68 B
Elaine Murungi,X74/1617/2018,52 C
Mckenzie Awinja,X75/9646/2018,32 E
Lana Nthiga,X74/6674/2018,90 A
Isaac Siele,X74/3399/2018,81 A
Ethen Baraza,X74/5844/2018,86 A
Estrella Nzai,X75/6100/2018,30 E
Jensen Mogire,X74/2752/2018,85 A
Brynn Mwinzi,X75/8603/2018,83 A
Demarcus Maluki,X75/2703/2018,59 C
Miya Muthengi,X75/5055/2018,40 D
Jabari Bor,X74/6560/2018,73 A
Cullen Galgalo,X74/5403/2018,78 A
Esteban Mbiti,X75/1529/2018,70 A
Beckett Mauti,X75/3682/2018,79 A
Yasmine Oginga,X75/1726/2018,81 A
Lillianna Dida,X74/7845/2018,63 B
Adriel Nzilani,X74/4604/2018,30 E
Morgan Micheni,X75/8920/2018,84 A
Branden Mitei,X75/9135/2018,71 A
Meredith Munyua,X74/4521/2018,94 A
Jasmin Ogweno,X74/2118/2018,81 A
Jordyn Terer,X75/4993/2018,38 E
Dean Nafula,X75/2626/2018,89 A
Cooper Titus,X74/4048/2018,63 B
Sage Ekitela,X74/8360/2018,69 B
Serenity Ambani,X75/7887/2018,53 C
Elisa Amoit,X74/1984/2018,85 A
Kinsley Halake,X74/9306/2018,46 D
Bella Naserian,X75/5265/2018,45 D
Dawson Cheyech,X75/3712/2018,84 A
Xzavier Mumbe,X75/7614/2018,38 E
Nyasia Gati,X74/6359/2018,98 A
Angelo Maweu,X75/7644/2018,34 E
Tamara Karuga,X75/1747/2018,71 A
Naima Ndoro,X75/8013/2018,30 E
Holly Ruwa,X74/8262/2018,24 E
Kenley Mwadime,X75/3824/2018,61 B
Hayden Duba,X75/5770/2018,99 A
Yurem Kageha,X75/1538/2018,52 C
Myles Muga,X75/5311/2018,80 A
Kolby Krop,X75/8376/2018,98 A
Zaria Daud,X74/9558/2018,30 E
Kallie Nyanchama,X74/6061/2018,78 A
Heather Muchira,X74/7139/2018,33 E
Alejandra Akello,X74/6779/2018,90 A
Laura Emuria,X74/8624/2018,71 A
Makhi Chesire,X74/4509/2018,83 A
Santino Musee,X74/8708/2018,25 E
Sabrina Njoka,X75/4303/2018,28 E
Leonardo Ondiek,X75/1918/2018,73 A
Cristian Anyona,X75/2742/2018,61 B
Linda Zawadi,X74/8842/2018,76 A
Simon Huka,X75/7883/2018,96 A
Natalia Mahamed,X75/3315/2018,50 C
Valeria Yakub,X75/6348/2018,50 C
Tia Kaberia,X74/5910/2018,67 B
Shaun Kisilu,X74/5087/2018,31 E
Kellen Thiong'o,X74/6245/2018,97 A
Adison Busienei,X75/4807/2018,69 B
Brianna Wavinya,X75/2533/2018,54 C
Brycen Mwinyi,X74/6438/2018,73 A
Graham Ombui,X75/7006/2018,62 B
Nicholas Mukundi,X74/8078/2018,65 B
Ricky Hillow,X74/4865/2018,62 B
Gaven Keitany,X74/7663/2018,83 A
Gianni Chomba,X75/4324/2018,33 E
Remington Bulle,X74/9237/2018,88 A
Norah Mwema,X75/8747/2018,51 C
Tamia Karuri,X75/8740/2018,73 A
Cindy Mwathi,X75/6382/2018,86 A
Rex Soi,X74/6600/2018,41 D
Rohan Evans,X75/3380/2018,38 E
Jaydan Imali,X75/6901/2018,78 A
Tyler Migwi,X75/1948/2018,24 E
Devon Ratemo,X74/2959/2018,36 E
Valentino Mutio,X74/4241/2018,54 C
Quentin Alex,X75/6499/2018,27 E
Cynthia Misiko,X75/8515/2018,55 C
Harmony Oyaro,X74/5772/2018,61 B
Gerald Abdulla,X75/8595/2018,90 A
Landin Benson,X74/5890/2018,98 A
Cara Kithome,X75/1773/2018,62 B
Kael Mwamburi,X75/7315/2018,64 B
Maci Ngome,X74/5732/2018,39 E
Jimena Ayieko,X74/2111/2018,68 B
Gina Okuku,X75/1650/2018,53 C
Isis Richard,X74/2350/2018,26 E
Karen Eyanae,X74/2582/2018,45 D
Osvaldo Kabiru,X74/6166/2018,55 C
Mira Gichohi,X75/5922/2018,76 A
Ryleigh Nyabuti,X74/8658/2018,36 E
Destinee Abdow,X75/4765/2018,49 D
Adrian Joel,X75/2166/2018,76 A
Emily Kitonga,X75/5201/2018,42 D
Krish Nyale,X74/6650/2018,28 E
Parker Towett,X75/5262/2018,39 E
Adam Mati,X75/5011/2018,38 E
Braiden Ekidor,X74/9119/2018,32 E
Sawyer Mutahi,X74/9352/2018,71 A
Kolton Mmboga,X75/5768/2018,64 B
Jackson Oduori,X74/3325/2018,82 A
Katie Changawa,X75/9624/2018,79 A
Carmelo Nyangaresi,X75/7815/2018,35 E
Tania Maranga,X75/3465/2018,63 B
Ainsley Kalekye,X75/2530/2018,70 A
Myla Wanje,X74/8174/2018,56 C
India Kiama,X75/2795/2018,99 A
Cora Muimi,X75/2046/2018,98 A
Kareem Gicheru,X75/8254/2018,87 A
Charlee Salah,X74/6641/2018,78 A
Stanley Eregae,X74/2808/2018,92 A
Erick Jarso,X74/6363/2018,81 A
Natalie Sande,X74/3543/2018,99 A
Jadyn Kakai,X75/5134/2018,66 B
Shyann Swaleh,X75/5648/2018,34 E
Dalton Chenangat,X74/8996/2018,25 E
Sidney Ngao,X74/2668/2018,65 B
Davon Nyambu,X75/6842/2018,51 C
Kailee Onditi,X75/7422/2018,49 D
Ashlynn Bonaya,X74/4122/2018,49 D
Tori Nandwa,X75/7076/2018,49 D
Virginia Chebon,X74/2249/2018,71 A
Ahmed Mwakio,X74/3899/2018,95 A
Yuliana Mnangat,X74/9242/2018,42 D
Jaydin Lemayian,X75/3997/2018,33 E
Addison Erupe,X74/5513/2018,36 E
Brice Rugut,X74/3692/2018,56 C
Ali Mule,X75/8017/2018,67 B
Aryanna Gona,X75/5059/2018,76 A
Janet Maitha,X75/8015/2018,57 C
Jillian Gachoki,X75/3967/2018,57 C
Riley Musila,X74/8099/2018,40 D
Kymani Odinga,X75/5132/2018,63 B
Aydan Dennis,X74/6659/2018,83 A
Jolie Gichana,X75/3213/2018,55 C
Ashley Chai,X74/8232/2018,73 A
Campbell Muhoro,X75/2878/2018,82 A
Greyson Jama,X75/6431/2018,29 E
Beckham Nakhumicha,X75/9041/2018,47 D
Issac Jemeli,X74/6854/2018,65 B
Diego Mundia,X74/8361/2018,40 D
Ryder Junior,X75/7336/2018,26 E
Jamal Wamboi,X75/4367/2018,65 B
Koen Vaati,X74/3572/2018,32 E
Aimee Fundi,X75/8129/2018,84 A
Warren Menza,X74/2520/2018,48 D
Kira Muchemi,X75/3015/2018,88 A
Max Victor,X74/5211/2018,38 E
Reilly Kituku,X75/2141/2018,81 A
Presley Kiogora,X74/6501/2018,71 A
Talan Makungu,X74/3267/2018,45 D
Meghan Pkemoi,X75/3753/2018,85 A
Scott Jumba,X75/8612/2018,34 E
Elsa Wechuli,X75/6812/2018,32 E
Sarai Moturi,X75/7637/2018,43 D
Eva Kajuju,X75/2498/2018,98 A
Amber Mayaka,X74/4088/2018,38 E
Christian Yatich,X74/5646/2018,51 C
Kaylah Mbaka,X74/4881/2018,27 E
Savannah Kibiwott,X74/7780/2018,69 B
Kaila Mucheru,X75/7838/2018,44 D
Sam Gure,X74/3938/2018,53 C
Zavier Ngaruiya,X74/5593/2018,94 A
Chance Okongo,X74/6094/2018,99 A
Evie Munguti,X75/5372/2018,43 D
Brenton Ngotho,X75/6936/2018,66 B
Teresa Mamo,X75/5024/2018,93 A
Daphne Muthami,X75/6388/2018,92 A
Kennedi Benard,X75/3153/2018,41 D
Saige Ondari,X75/7549/2018,54 C
Jose Otiende,X75/5748/2018,74 A
Lizeth Mzungu,X75/4946/2018,98 A
Madalyn Ombasa,X74/9269/2018,82 A
Lilliana Kimosop,X75/5817/2018,94 A
Addyson Jelagat,X75/8545/2018,64 B
Lorenzo Muchangi,X75/8866/2018,35 E
Heidy Aloo,X75/1614/2018,88 A
Derrick Abdiaziz,X75/9369/2018,59 C
Bryce Andrew,X75/1669/2018,90 A
Laila Gedi,X74/3886/2018,48 D
Ciara Matara,X75/3866/2018,72 A
Miracle Kelvin,X74/8070/2018,64 B
Azul Mwendia,X75/2068/2018,97 A
Alfonso Karwitha,X74/7546/2018,91 A
Keely Apondi,X75/1878/2018,83 A
Hunter Barongo,X75/4012/2018,32 E
Quintin Chepkwemoi,X75/5760/2018,98 A
Ruby Mukoya,X74/7980/2018,96 A
Hudson Minayo,X74/8518/2018,76 A
Clay Masese,X75/9495/2018,93 A
Gaige Ziro,X74/3365/2018,61 B
Lawrence Kwemoi,X75/7256/2018,81 A
Darnell Wakio,X75/2913/2018,84 A
Nikolas Munyiva,X74/6010/2018,48 D
Jude Saidi,X74/6813/2018,51 C
Yadiel Chepkosgei,X75/2325/2018,66 B
Carlos Yaa,X75/4018/2018,64 B
Barrett Achola,X74/7560/2018,83 A
Taryn Mambo,X75/6816/2018,55 C
Jamie Jelle,X74/3070/2018,90 A
Amiya Tirop,X75/3492/2018,80 A
Azaria Mbui,X75/7699/2018,82 A
Aubree Komora,X74/9543/2018,83 A
Charlotte Abdifatah,X74/8681/2018,45 D
Jakob Mageto,X75/6243/2018,41 D
Anabel Kamathi,X74/8539/2018,98 A
Stacy Kanja,X74/4702/2018,52 C
Trevon Gathogo,X74/4465/2018,26 E
Frank Mutune,X74/7957/2018,67 B
Ingrid Wabomba,X75/9660/2018,58 C
Brodie Kiptui,X75/5214/2018,45 D
Mauricio Gatimu,X75/6277/2018,73 A
Deshawn Jomo,X75/8579/2018,99 A
Anderson Meli,X74/8790/2018,72 A
Brian Dagane,X75/8952/2018,66 B
Brylee Mutungi,X75/8863/2018,96 A
Sterling Mumba,X74/6117/2018,81 A
Alessandra Weru,X74/3925/2018,68 B
Octavio Kabui,X75/7458/2018,73 A
Beau Kaimenyi,X75/6947/2018,84 A
Jeremiah Kimemia,X75/4392/2018,53 C
Rhett Musya,X74/3811/2018,77 A
Jordyn Jepkemei,X75/5112/2018,95 A
Jenna Saina,X74/8757/2018,87 A
Carleigh Kaloki,X74/7056/2018,71 A
Abagail Elijah,X74/9442/2018,50 C
Noah Kibiwot,X74/2112/2018,53 C
Nathanael Kiti,X75/3632/2018,56 C
Chaz Nzisa,X75/7291/2018,33 E
Lainey Kiema,X75/6369/2018,78 A
River Mogeni,X75/6366/2018,90 A
Grady Wanjugu,X75/7964/2018,43 D
Makenna Birgen,X75/3718/2018,79 A
German Shariff,X75/8650/2018,42 D
Halle Gachanja,X74/2607/2018,62 B
Kolten Osiemo,X74/3879/2018,40 D
Kelton Onyiego,X75/8011/2018,97 A
Erica Iminza,X74/8208/2018,65 B
London Muange,X74/1459/2018,89 A
Kaylee Musumba,X74/3299/2018,33 E
Marquise Bore,X75/8205/2018,29 E
Chloe Saruni,X75/5179/2018,31 E
Keyon Mwololo,X75/3831/2018,55 C
Tony Abdinoor,X75/7821/2018,89 A
Jaquan Awadh,X74/6395/2018,58 C
Gunnar Jefwa,X74/6387/2018,78 A
Cheyenne Lumbasi,X74/6502/2018,96 A
Zoe Wangai,X74/7757/2018,89 A
Monique Nyoike,X74/1912/2018,32 E
Makayla Wanzala,X74/3251/2018,48 D
Jaliyah Saitoti,X75/8423/2018,70 A
Jennifer Adam,X74/5509/2018,26 E
Nikhil Mogere,X74/4797/2018,55 C
Sammy Benjamin,X75/9572/2018,79 A
Paulina Kaari,X74/6333/2018,26 E
Mia Muraguri,X74/5073/2018,72 A
Madeleine Sidi,X74/6161/2018,49 D
Evangeline Nyawa,X74/5187/2018,47 D
Shamar Kevin,X74/5823/2018,64 B
Katelyn Omweri,X75/2276/2018,87 A
frank Maghanga,X75/5521/2018,70 A
Raven Nafuna,X75/3494/2018,33 E
John Angwenyi,X75/8116/2018,43 D
